name,place
Espace Fleurs,Tulle
Multiflor,Brive La Gaillarde
A la Gare aux Fleurs,Saint-Julien-Maumont
Marylene Louis Maison Montagnac,Tulle
Maison Estrade,Argentat
les Créas d'agapanthe,Argentat
GAEC BENDIX,Argentat
Gentil Flor ,Beaulieu/Dordogne
Florasphère ,Saint-Cere
Tino/ Les Fleurs de Violette ,Blaye les Mines
L'Eglantine,Gramat
Monique Fleurs ,DECAZEVILLE
L'Atelier du Fleuriste ,Rodez
Arum Essences,Decazeville
Aux Bruyeres,Maurs
Tendance Fleurs,Firmi
Ginette Laporte ,FIGEAC
EURL Embialet,villeneuve
Sarl Bros,Lanuejouls
Camille,Villefranche-de Rouergue
Pailhoux Fleurs,Villefranche-de Rouergue
Évelise ,Prayssac
Perrier,Montauban
Céline Fleurs,Septfonds
Amelia Fleurs,Negrepelisse
Bouton D'Or,Realville
Fleurs Service 82 ,Montauban
Aux Couleurs de la Terre ,Labastide Saint pierre
L'Atelier d'Art Flor'Event ,Magnanac
Au comptoir des fleurs,Gaillac
Fleur et Sens,Gaillac
Orchidées,Villefranche de Lauragais
Earl Nice Flore,Castelnaudary
Arum'Anis,Revel
Myosotis ,Pluylaurens
Moisson de Fleurs ,Castres
Jardinerie Tarnaise,Albi
L' Arum Antic ,La Primaube
L'Atelier du Fleuriste ,Rodez
Amelimelo Fleurs,Marcillac-Vallon
Tendance Fleurs,Firmi
Trougale Véronique ,BOUILLAC
l'Atelier du Fleuriste ,Figeac
Perrier,Figeac
L'Atelier Floral ,Objat
